FP16_actual_storage,TERNARY_compression_ratio,INT8_rmse,FP32_rmse,FP32_theoretical_storage,INT8_overhead_ratio,TERNARY_rmse,FP16_overhead_ratio,TERNARY_max_error,BINARY_transform_time_ms,INT4_max_error,BINARY_original_bytes,FP32_compression_ratio,INT4_mae,FP32_mae,INT4_original_bytes,BINARY_theoretical_storage,INT8_relative_error,model_identifier,FP32_mse,INT8_dequant_time_ms,TERNARY_theoretical_storage,INT4_actual_storage,INT4_dequant_time_ms,group_size,INT4_bits_per_weight,INT8_compression_ratio,BINARY_max_error,INT8_transform_time_ms,FP16_rmse,TERNARY_transform_time_ms,INT4_relative_error,BINARY_dequant_time_ms,INT8_compressed_bytes,BINARY_overhead_ratio,FP32_original_bytes,BINARY_mse,FP16_compressed_bytes,INT8_mae,INT8_original_bytes,FP32_bits_per_weight,FP16_original_bytes,FP16_relative_error,FP32_max_error,TERNARY_actual_storage,TERNARY_original_bytes,TERNARY_dequant_time_ms,INT4_compressed_bytes,TERNARY_bits_per_weight,INT4_rmse,INT8_actual_storage,INT8_max_error,BINARY_compressed_bytes,INT4_theoretical_storage,INT8_mse,TERNARY_overhead_ratio,FP16_mse,FP32_compressed_bytes,INT4_transform_time_ms,FP32_actual_storage,FP16_bits_per_weight,FP32_relative_error,TERNARY_compressed_bytes,BINARY_compression_ratio,TERNARY_mae,INT4_compression_ratio,FP16_transform_time_ms,FP32_dequant_time_ms,BINARY_actual_storage,TERNARY_relative_error,FP32_overhead_ratio,BINARY_mae,FP16_mae,TERNARY_mse,INT8_theoretical_storage,INT4_overhead_ratio,FP16_compression_ratio,FP16_dequant_time_ms,BINARY_relative_error,FP16_max_error,FP16_theoretical_storage,target_bits,FP32_transform_time_ms,BINARY_rmse,BINARY_bits_per_weight,INT4_mse,INT8_bits_per_weight
,,,0.0,1024,,,,,,,,1.0,,0.0,,,,small_vector,0.0,,,,,1,,,,,,,,,,,512,,,,,32.0,,,0.0,,,,,,,,,,,,,,512,,512,,0.0,,,,,,0.001292035449296236,,,0.5,,,,,,,,,,,32,0.002207991201430559,,,,
256,,,,,,,0.5,,,,,,,,,,,small_vector,,,,,,1,,,,,0.000112668945803307,,,,,,,,256,,,,512,0.00021299853361455843,,,,,,,,,,,,,,1.269429134842853e-08,,,,16.0,,,,,,0.013999990187585354,,,,,,0.000112668945803307,,,,2.0,0.20666600903496146,,0.0009305477142333984,512,16,,,,,
,,0.004201620075036772,,,1.0,,,,,,,,,,,,0.0061045116749446,small_vector,,0.03966700751334429,,,,128,,3.9384615384615387,,0.6280839443206787,,,,,130,,,,,0.004201620075036772,512,,,,,,,,,,,130,0.008365273475646973,,,1.7653611254952008e-05,,,,,,,,,,,,,,,,,,,,130,,,,,,,8,,,,,8.125
,,,,,,,,,,0.1525794267654419,,,0.0769344733125763,,512,,,small_vector,,,,66,0.27479202253744006,128,4.125,,,,,,0.11045190822245031,,,,,,,,,,,,,,,,66,,0.0769344733125763,,,,66,,,,,0.6089999806135893,,,,,,,7.757575757575758,,,,,,,,,,1.0,,,,,,4,,,,0.005918913183883515,
,,,,,,,,,0.2845840062946081,,512,,,,,18,,small_vector,,,,,,128,,,1.4878389835357666,,,,,0.041417020838707685,,1.0,,0.13415758334084785,,,,,,,,,,,,,,,,18,,,,,,,,,,,28.444444444444443,,,,,18,,,0.3662752835516585,,,,,,,0.5699912684331021,,,1,,0.3662752835516585,1.125,,
,15.058823529411764,,,,,0.3498164007469313,,1.4673311710357666,,,,,,,,,,small_vector,,,28,,,128,,,,,,0.09891699301078916,,,,,,,,,,,,,,34,512,0.050292001105844975,,2.125,,,,,,,1.2142857142857142,,,,,,,34,,0.3498164007469313,,,,,0.5520814813565043,,,,0.12237151423153765,,,,,,,,1.584,,,,,
,,,0.0,8192,,,,,,,,1.0,,0.0,,,,medium_vector,0.0,,,,,1,,,,,,,,,,,4096,,,,,32.0,,,0.0,,,,,,,,,,,,,,4096,,4096,,0.0,,,,,,0.0025830231606960297,,,0.5,,,,,,,,,,,32,0.002459040842950344,,,,
2048,,,,,,,0.5,,,,,,,,,,,medium_vector,,,,,,1,,,,,0.00013587051283536766,,,,,,,,2048,,,,4096,0.00020324837475767384,,,,,,,,,,,,,,1.8460796258145808e-08,,,,16.0,,,,,,0.002667016815394163,,,,,,0.00013587051283536766,,,,2.0,0.0018750433810055256,,0.0009593963623046875,4096,16,,,,,
,,0.005535304320360979,,,1.0,,,,,,,,,,,,0.006609100759763763,medium_vector,,0.029916991479694843,,,,128,,3.9384615384615387,,0.15350000467151403,,,,,1040,,,,,0.005535304320360979,4096,,,,,,,,,,,1040,0.014323592185974121,,,3.0639593919006914e-05,,,,,,,,,,,,,,,,,,,,1040,,,,,,,8,,,,,8.125
,,,,,,,,,,0.25583207607269287,,,0.09956993176230355,,4096,,,medium_vector,,,,528,0.33766700653359294,128,4.125,,,,,,0.11831002108178645,,,,,,,,,,,,,,,,528,,0.09956993176230355,,,,528,,,,,4.4082499807700515,,,,,,,7.757575757575758,,,,,,,,,,1.0,,,,,,4,,,,0.009914171311149786,
,,,,,,,,,0.2735840389505029,,4096,,,,,144,,medium_vector,,,,,,128,,,2.9145262241363525,,,,,0.2898749662563205,,1.0,,0.23350800930253757,,,,,,,,,,,,,,,,144,,,,,,,,,,,28.444444444444443,,,,,144,,,0.48322666451939256,,,,,,,0.6097313820464804,,,1,,0.48322666451939256,1.125,,
,15.058823529411764,,,,,0.4607045273419459,,2.8852293491363525,,,,,,,,,,medium_vector,,,219,,,128,,,,,,0.516542000696063,,,,,,,,,,,,,,272,4096,0.3809999907389283,,2.125,,,,,,,1.2420091324200913,,,,,,,272,,0.4607045273419459,,,,,0.5919380340309622,,,,0.21224866151336577,,,,,,,,1.584,,,,,
,,,0.0,65536,,,,,,,,1.0,,0.0,,,,large_vector,0.0,,,,,1,,,,,,,,,,,32768,,,,,32.0,,,0.0,,,,,,,,,,,,,,32768,,32768,,0.0,,,,,,0.007583992555737495,,,0.5,,,,,,,,,,,32,0.006375019438564777,,,,
16384,,,,,,,0.5,,,,,,,,,,,large_vector,,,,,,1,,,,,0.00014007002512350653,,,,,,,,16384,,,,32768,0.00020809188544838254,,,,,,,,,,,,,,1.961961193809975e-08,,,,16.0,,,,,,0.00208395067602396,,,,,,0.00014007002512350653,,,,2.0,0.001667009200900793,,0.0015196800231933594,32768,16,,,,,
,,0.00561371033630742,,,1.0,,,,,,,,,,,,0.006530040717096693,large_vector,,0.13316702097654343,,,,128,,3.9384615384615387,,0.8264170028269291,,,,,8320,,,,,0.00561371033630742,32768,,,,,,,,,,,8320,0.01707446575164795,,,3.151374373996477e-05,,,,,,,,,,,,,,,,,,,,8320,,,,,,,8,,,,,8.125
,,,,,,,,,,0.309908390045166,,,0.10083068967581887,,32768,,,large_vector,,,,4224,2.5643749977461994,128,4.125,,,,,,0.11742167329115877,,,,,,,,,,,,,,,,4224,,0.10083068967581887,,,,4224,,,,,35.275916976388544,,,,,,,7.757575757575758,,,,,,,,,,1.0,,,,,,4,,,,0.010166827980501288,
,,,,,,,,,2.088374982122332,,32768,,,,,1152,,large_vector,,,,,,128,,,3.6527862548828125,,,,,2.3987910244613886,,1.0,,0.236791686466311,,,,,,,,,,,,,,,,1152,,,,,,,,,,,28.444444444444443,,,,,1152,,,0.4866124602456363,,,,,,,0.6062344201162198,,,1,,0.4866124602456363,1.125,,
,15.058823529411764,,,,,0.4585983021445248,,3.6298370361328125,,,,,,,,,,large_vector,,,1751,,,128,,,,,,4.066499997861683,,,,,,,,,,,,,,2176,32768,3.095082996878773,,2.125,,,,,,,1.2427184466019416,,,,,,,2176,,0.4585983021445248,,,,,0.583334148182827,,,,0.21031240272984086,,,,,,,,1.584,,,,,
,,,0.0,32768,,,,,,,,1.0,,0.0,,,,small_matrix,0.0,,,,,1,,,,,,,,,,,16384,,,,,32.0,,,0.0,,,,,,,,,,,,,,16384,,16384,,0.0,,,,,,0.004249974153935909,,,0.5,,,,,,,,,,,32,0.0017500133253633976,,,,
8192,,,,,,,0.5,,,,,,,,,,,small_matrix,,,,,,1,,,,,0.0001394130796761317,,,,,,,,8192,,,,16384,0.00020714670407559168,,,,,,,,,,,,,,1.9436006784783445e-08,,,,16.0,,,,,,0.0019579892978072166,,,,,,0.0001394130796761317,,,,2.0,0.0017500133253633976,,0.0009751319885253906,16384,16,,,,,
,,0.005517582499368956,,,1.0,,,,,,,,,,,,0.006424910581319716,small_matrix,,0.07320800796151161,,,,128,,3.9384615384615387,,0.43650000588968396,,,,,4160,,,,,0.005517582499368956,16384,,,,,,,,,,,4160,0.014323592185974121,,,3.0443716637342574e-05,,,,,,,,,,,,,,,,,,,,4160,,,,,,,8,,,,,8.125
,,,,,,,,,,0.25583207607269287,,,0.0985498613988689,,16384,,,small_matrix,,,,2112,1.298709015827626,128,4.125,,,,,,0.11487732978943566,,,,,,,,,,,,,,,,2112,,0.0985498613988689,,,,2112,,,,,18.119208980351686,,,,,,,7.757575757575758,,,,,,,,,,1.0,,,,,,4,,,,0.00971207518173627,
,,,,,,,,,1.021082978695631,,16384,,,,,576,,small_matrix,,,,,,128,,,2.9145262241363525,,,,,1.348916965071112,,1.0,,0.23454176368663845,,,,,,,,,,,,,,,,576,,,,,,,,,,,28.444444444444443,,,,,576,,,0.48429512044479495,,,,,,,0.6049855161208443,,,1,,0.48429512044479495,1.125,,
,15.058823529411764,,,,,0.45831941977646196,,2.8852293491363525,,,,,,,,,,small_matrix,,,876,,,128,,,,,,2.023832988925278,,,,,,,,,,,,,,1088,16384,1.5399589901790023,,2.125,,,,,,,1.2420091324200913,,,,,,,1088,,0.45831941977646196,,,,,0.583640010333972,,,,0.21005669054423276,,,,,,,,1.584,,,,,
,,,0.0,524288,,,,,,,,1.0,,0.0,,,,medium_matrix,0.0,,,,,1,,,,,,,,,,,262144,,,,,32.0,,,0.0,,,,,,,,,,,,,,262144,,262144,,0.0,,,,,,0.03549997927621007,,,0.5,,,,,,,,,,,32,0.0320419785566628,,,,
131072,,,,,,,0.5,,,,,,,,,,,medium_matrix,,,,,,1,,,,,0.0001408027249527044,,,,,,,,131072,,,,262144,0.0002080851556207291,,,,,,,,,,,,,,1.982540735410693e-08,,,,16.0,,,,,,0.020000035874545574,,,,,,0.0001408027249527044,,,,2.0,0.03466597991064191,,0.0019207000732421875,262144,16,,,,,
,,0.0055492941616122615,,,1.0,,,,,,,,,,,,0.0064757515950767085,medium_matrix,,0.9933749679476023,,,,128,,3.9384615384615387,,6.458541029132903,,,,,66560,,,,,0.0055492941616122615,262144,,,,,,,,,,,66560,0.019529104232788086,,,3.0794665692103936e-05,,,,,,,,,,,,,,,,,,,,66560,,,,,,,8,,,,,8.125
,,,,,,,,,,0.3574252128601074,,,0.10034966188892863,,262144,,,medium_matrix,,,,33792,20.51237499108538,128,4.125,,,,,,0.11738072723232712,,,,,,,,,,,,,,,,33792,,0.10034966188892863,,,,33792,,,,,279.4420829741284,,,,,,,7.757575757575758,,,,,,,,,,1.0,,,,,,4,,,,0.010070054641222296,
,,,,,,,,,16.078291984740645,,262144,,,,,9216,,medium_matrix,,,,,,128,,,4.160555362701416,,,,,18.925833981484175,,1.0,,0.23400517605629464,,,,,,,,,,,,,,,,9216,,,,,,,,,,,28.444444444444443,,,,,9216,,,0.4837408149580668,,,,,,,0.6028808940257591,,,1,,0.4837408149580668,1.125,,
,15.058823529411764,,,,,0.456784780314949,,4.106356143951416,,,,,,,,,,medium_matrix,,,14001,,,128,,,,,,31.55787498690188,,,,,,,,,,,,,,17408,262144,24.554207979235798,,2.125,,,,,,,1.243339761445611,,,,,,,17408,,0.456784780314949,,,,,0.580907167795995,,,,0.20865233552737622,,,,,,,,1.584,,,,,
,,,0.0,8388608,,,,,,,,1.0,,0.0,,,,large_matrix,0.0,,,,,1,,,,,,,,,,,4194304,,,,,32.0,,,0.0,,,,,,,,,,,,,,4194304,,4194304,,0.0,,,,,,0.692791014444083,,,0.5,,,,,,,,,,,32,0.8461669785901904,,,,
2097152,,,,,,,0.5,,,,,,,,,,,large_matrix,,,,,,1,,,,,0.00014065230656687888,,,,,,,,2097152,,,,4194304,0.000207806286995807,,,,,,,,,,,,,,1.9783071342583278e-08,,,,16.0,,,,,,0.2733750152401626,,,,,,0.00014065230656687888,,,,2.0,0.40020898450165987,,0.0019207000732421875,4194304,16,,,,,
,,0.0055388376355363245,,,1.0,,,,,,,,,,,,0.006476056290204098,large_matrix,,15.682708006352186,,,,128,,3.9384615384615387,,98.63541700178757,,,,,1064960,,,,,0.0055388376355363245,4194304,,,,,,,,,,,1064960,0.019529104232788086,,,3.067872235283362e-05,,,,,,,,,,,,,,,,,,,,1064960,,,,,,,8,,,,,8.125
,,,,,,,,,,0.3574252128601074,,,0.1003740310374759,,4194304,,,large_matrix,,,,540672,325.7851660018787,128,4.125,,,,,,0.11745907403938366,,,,,,,,,,,,,,,,540672,,0.1003740310374759,,,,540672,,,,,4627.029790950473,,,,,,,7.757575757575758,,,,,,,,,,1.0,,,,,,4,,,,0.010074946106712175,
,,,,,,,,,256.30891701439396,,4194304,,,,,147456,,large_matrix,,,,,,128,,,4.160555362701416,,,,,300.6668330053799,,1.0,,0.2312468307163939,,,,,,,,,,,,,,,,147456,,,,,,,,,,,28.444444444444443,,,,,147456,,,0.4808813062663113,,,,,,,0.6009535771448834,,,1,,0.4808813062663113,1.125,,
,15.058823529411764,,,,,0.45508238225983244,,4.118179798126221,,,,,,,,,,large_matrix,,,224003,,,128,,,,,,502.329750044737,,,,,,,,,,,,,,278528,4194304,385.564542026259,,2.125,,,,,,,1.243411918590376,,,,,,,278528,,0.45508238225983244,,,,,0.5798996563533125,,,,0.20709997464328425,,,,,,,,1.584,,,,,
,,,0.0,8192,,,,,,,,0.5,,0.0,,,,fp16_vector,0.0,,,,,1,,,,,,,,,,,2048,,,,,32.0,,,0.0,,,,,,,,,,,,,,4096,,4096,,0.0,,,,,,0.0018329592421650887,,,0.5,,,,,,,,,,,32,0.003167020622640848,,,,
2048,,,,,,,0.5,,,,,,,,,,,fp16_vector,,,,,,1,,,,,0.0,,,,,,,,2048,,,,2048,0.0,,,,,,,,,,,,,,0.0,,,,16.0,,,,,,0.001333013642579317,,,,,,0.0,,,,1.0,0.0010409858077764511,,0.0,4096,16,,,,,
,,0.005542367231100798,,,1.0,,,,,,,,,,,,0.006618754256047218,fp16_vector,,0.032374984584748745,,,,128,,1.9692307692307693,,0.17970899352803826,,,,,1040,,,,,0.005542367231100798,2048,,,,,,,,,,,1040,0.0142364501953125,,,3.071783452437992e-05,,,,,,,,,,,,,,,,,,,,1040,,,,,,,8,,,,,8.125
,,,,,,,,,,0.255859375,,,0.09957505716010928,,2048,,,fp16_vector,,,,528,0.3376249806024134,128,4.125,,,,,,0.1183222815088401,,,,,,,,,,,,,,,,528,,0.09957505716010928,,,,528,,,,,4.392208997160196,,,,,,,3.878787878787879,,,,,,,,,,1.0,,,,,,4,,,,0.00991519200843903,
,,,,,,,,,0.5544589948840439,,2048,,,,,144,,fp16_vector,,,,,,128,,,2.91455078125,,,,,0.2869160380214453,,1.0,,0.23351155953096026,,,,,,,,,,,,,,,,144,,,,,,,,,,,14.222222222222221,,,,,144,,,0.4832303379662335,,,,,,,0.6097324882499808,,,1,,0.4832303379662335,1.125,,
,7.529411764705882,,,,,0.4606832410208881,,2.8857421875,,,,,,,,,,fp16_vector,,,219,,,128,,,,,,0.5335000460036099,,,,,,,,,,,,,,272,2048,0.3717920044437051,,2.125,,,,,,,1.2420091324200913,,,,,,,272,,0.4606832410208881,,,,,0.5919390738440911,,,,0.21222904855750968,,,,,,,,1.584,,,,,
,,,0.0,524288,,,,,,,,0.5,,0.0,,,,fp16_matrix,0.0,,,,,1,,,,,,,,,,,131072,,,,,32.0,,,0.0,,,,,,,,,,,,,,262144,,262144,,0.0,,,,,,0.030124967452138662,,,0.5,,,,,,,,,,,32,0.008167000487446785,,,,
131072,,,,,,,0.5,,,,,,,,,,,fp16_matrix,,,,,,1,,,,,0.0,,,,,,,,131072,,,,131072,0.0,,,,,,,,,,,,,,0.0,,,,16.0,,,,,,0.00562501372769475,,,,,,0.0,,,,1.0,0.006416987162083387,,0.0,262144,16,,,,,
,,0.005547732467675814,,,1.0,,,,,,,,,,,,0.006473996700723596,fp16_matrix,,0.9655830217525363,,,,128,,1.9692307692307693,,6.206332996953279,,,,,66560,,,,,0.005547732467675814,131072,,,,,,,,,,,66560,0.01953125,,,3.077733553290438e-05,,,,,,,,,,,,,,,,,,,,66560,,,,,,,8,,,,,8.125
,,,,,,,,,,0.357421875,,,0.10034884617562057,,131072,,,fp16_matrix,,,,33792,20.301417040172964,128,4.125,,,,,,0.11738050172474564,,,,,,,,,,,,,,,,33792,,0.10034884617562057,,,,33792,,,,,284.4421670306474,,,,,,,3.878787878787879,,,,,,,,,,1.0,,,,,,4,,,,0.010069890928778358,
,,,,,,,,,16.703833010978997,,131072,,,,,9216,,fp16_matrix,,,,,,128,,,4.1611328125,,,,,18.662374990526587,,1.0,,0.23400492185095903,,,,,,,,,,,,,,,,9216,,,,,,,,,,,14.222222222222221,,,,,9216,,,0.4837405522084737,,,,,,,0.6028805619152956,,,1,,0.4837405522084737,1.125,,
,7.529411764705882,,,,,0.45678535395200015,,4.10693359375,,,,,,,,,,fp16_matrix,,,14001,,,128,,,,,,32.410957966931164,,,,,,,,,,,,,,17408,131072,24.10933398641646,,2.125,,,,,,,1.243339761445611,,,,,,,17408,,0.45678535395200015,,,,,0.580906797695365,,,,0.20865285958505406,,,,,,,,1.584,,,,,
