experiment_id,model_identifier,compression_method,target_bits,group_size,statistic,value
small_vector_FP32_g0,small_vector,FP32,32,1,min,0.0
small_vector_FP32_g0,small_vector,FP32,32,1,median,0.0
small_vector_FP32_g0,small_vector,FP32,32,1,mean,0.0
small_vector_FP32_g0,small_vector,FP32,32,1,max,0.0
small_vector_FP32_g0,small_vector,FP32,32,1,std,0.0
small_vector_FP32_g0,small_vector,FP32,32,1,p25,0.0
small_vector_FP32_g0,small_vector,FP32,32,1,p75,0.0
small_vector_FP32_g0,small_vector,FP32,32,1,p95,0.0
small_vector_FP32_g0,small_vector,FP32,32,1,p99,0.0
small_vector_FP16_g0,small_vector,FP16,16,1,min,8.456408977508545e-07
small_vector_FP16_g0,small_vector,FP16,16,1,median,8.028745651245117e-05
small_vector_FP16_g0,small_vector,FP16,16,1,mean,0.000112668945803307
small_vector_FP16_g0,small_vector,FP16,16,1,max,0.0009305477142333984
small_vector_FP16_g0,small_vector,FP16,16,1,std,0.000126695119600655
small_vector_FP16_g0,small_vector,FP16,16,1,p25,2.580508589744568e-05
small_vector_FP16_g0,small_vector,FP16,16,1,p75,0.00017383694648742676
small_vector_FP16_g0,small_vector,FP16,16,1,p95,0.00036359429359435945
small_vector_FP16_g0,small_vector,FP16,16,1,p99,0.0004678678512573243
small_vector_INT8_g128,small_vector,INT8,8,128,min,1.2516975402832031e-05
small_vector_INT8_g128,small_vector,INT8,8,128,median,0.004047777503728867
small_vector_INT8_g128,small_vector,INT8,8,128,mean,0.004201620075036772
small_vector_INT8_g128,small_vector,INT8,8,128,max,0.008365273475646973
small_vector_INT8_g128,small_vector,INT8,8,128,std,0.002440896921775546
small_vector_INT8_g128,small_vector,INT8,8,128,p25,0.0019832253456115723
small_vector_INT8_g128,small_vector,INT8,8,128,p75,0.0063020288944244385
small_vector_INT8_g128,small_vector,INT8,8,128,p95,0.008023077249526977
small_vector_INT8_g128,small_vector,INT8,8,128,p99,0.008304349184036256
small_vector_INT4_g128,small_vector,INT4,4,128,min,0.00029015541076660156
small_vector_INT4_g128,small_vector,INT4,4,128,median,0.07571259140968323
small_vector_INT4_g128,small_vector,INT4,4,128,mean,0.0769344733125763
small_vector_INT4_g128,small_vector,INT4,4,128,max,0.1525794267654419
small_vector_INT4_g128,small_vector,INT4,4,128,std,0.04255483951688963
small_vector_INT4_g128,small_vector,INT4,4,128,p25,0.04537322372198105
small_vector_INT4_g128,small_vector,INT4,4,128,p75,0.11461682617664337
small_vector_INT4_g128,small_vector,INT4,4,128,p95,0.14390389993786812
small_vector_INT4_g128,small_vector,INT4,4,128,p99,0.15124056845903397
small_vector_BINARY_g128,small_vector,BINARY,1,128,min,0.003215789794921875
small_vector_BINARY_g128,small_vector,BINARY,1,128,median,0.29960983991622925
small_vector_BINARY_g128,small_vector,BINARY,1,128,mean,0.3662752835516585
small_vector_BINARY_g128,small_vector,BINARY,1,128,max,1.4878389835357666
small_vector_BINARY_g128,small_vector,BINARY,1,128,std,0.2677622672189854
small_vector_BINARY_g128,small_vector,BINARY,1,128,p25,0.1863357424736023
small_vector_BINARY_g128,small_vector,BINARY,1,128,p75,0.5023050494492054
small_vector_BINARY_g128,small_vector,BINARY,1,128,p95,0.8300592839717862
small_vector_BINARY_g128,small_vector,BINARY,1,128,p99,1.2368235766887674
small_vector_TERNARY_g128,small_vector,TERNARY,1.584,128,min,0.004597127437591553
small_vector_TERNARY_g128,small_vector,TERNARY,1.584,128,median,0.29505789279937744
small_vector_TERNARY_g128,small_vector,TERNARY,1.584,128,mean,0.3498164007469313
small_vector_TERNARY_g128,small_vector,TERNARY,1.584,128,max,1.4673311710357666
small_vector_TERNARY_g128,small_vector,TERNARY,1.584,128,std,0.26598793562499873
small_vector_TERNARY_g128,small_vector,TERNARY,1.584,128,p25,0.17436468601226807
small_vector_TERNARY_g128,small_vector,TERNARY,1.584,128,p75,0.4908507280051708
small_vector_TERNARY_g128,small_vector,TERNARY,1.584,128,p95,0.8095514714717862
small_vector_TERNARY_g128,small_vector,TERNARY,1.584,128,p99,1.2163157641887674
medium_vector_FP32_g0,medium_vector,FP32,32,1,min,0.0
medium_vector_FP32_g0,medium_vector,FP32,32,1,median,0.0
medium_vector_FP32_g0,medium_vector,FP32,32,1,mean,0.0
medium_vector_FP32_g0,medium_vector,FP32,32,1,max,0.0
medium_vector_FP32_g0,medium_vector,FP32,32,1,std,0.0
medium_vector_FP32_g0,medium_vector,FP32,32,1,p25,0.0
medium_vector_FP32_g0,medium_vector,FP32,32,1,p75,0.0
medium_vector_FP32_g0,medium_vector,FP32,32,1,p95,0.0
medium_vector_FP32_g0,medium_vector,FP32,32,1,p99,0.0
medium_vector_FP16_g0,medium_vector,FP16,16,1,min,7.086782716214657e-09
medium_vector_FP16_g0,medium_vector,FP16,16,1,median,8.52048397064209e-05
medium_vector_FP16_g0,medium_vector,FP16,16,1,mean,0.00013587051283536766
medium_vector_FP16_g0,medium_vector,FP16,16,1,max,0.0009593963623046875
medium_vector_FP16_g0,medium_vector,FP16,16,1,std,0.00014669015187421114
medium_vector_FP16_g0,medium_vector,FP16,16,1,p25,3.2395124435424805e-05
medium_vector_FP16_g0,medium_vector,FP16,16,1,p75,0.00019715726375579834
medium_vector_FP16_g0,medium_vector,FP16,16,1,p95,0.000432366132736206
medium_vector_FP16_g0,medium_vector,FP16,16,1,p99,0.0007294440269470212
medium_vector_INT8_g128,medium_vector,INT8,8,128,min,1.3113021850585938e-06
medium_vector_INT8_g128,medium_vector,INT8,8,128,median,0.0053860098123550415
medium_vector_INT8_g128,medium_vector,INT8,8,128,mean,0.005535304320360979
medium_vector_INT8_g128,medium_vector,INT8,8,128,max,0.014323592185974121
medium_vector_INT8_g128,medium_vector,INT8,8,128,std,0.0034107384617986384
medium_vector_INT8_g128,medium_vector,INT8,8,128,p25,0.002535581588745117
medium_vector_INT8_g128,medium_vector,INT8,8,128,p75,0.008069369941949844
medium_vector_INT8_g128,medium_vector,INT8,8,128,p95,0.011251306533813468
medium_vector_INT8_g128,medium_vector,INT8,8,128,p99,0.013187730312347412
medium_vector_INT4_g128,medium_vector,INT4,4,128,min,9.775161743164062e-06
medium_vector_INT4_g128,medium_vector,INT4,4,128,median,0.09524145722389221
medium_vector_INT4_g128,medium_vector,INT4,4,128,mean,0.09956993176230355
medium_vector_INT4_g128,medium_vector,INT4,4,128,max,0.25583207607269287
medium_vector_INT4_g128,medium_vector,INT4,4,128,std,0.06026660915402566
medium_vector_INT4_g128,medium_vector,INT4,4,128,p25,0.050171107053756714
medium_vector_INT4_g128,medium_vector,INT4,4,128,p75,0.1482231765985489
medium_vector_INT4_g128,medium_vector,INT4,4,128,p95,0.20087343156337734
medium_vector_INT4_g128,medium_vector,INT4,4,128,p99,0.2304657934606075
medium_vector_BINARY_g128,medium_vector,BINARY,1,128,min,0.00012958049774169922
medium_vector_BINARY_g128,medium_vector,BINARY,1,128,median,0.439287006855011
medium_vector_BINARY_g128,medium_vector,BINARY,1,128,mean,0.48322666451939256
medium_vector_BINARY_g128,medium_vector,BINARY,1,128,max,2.9145262241363525
medium_vector_BINARY_g128,medium_vector,BINARY,1,128,std,0.35536593056164806
medium_vector_BINARY_g128,medium_vector,BINARY,1,128,p25,0.23016579449176788
medium_vector_BINARY_g128,medium_vector,BINARY,1,128,p75,0.6553376466035843
medium_vector_BINARY_g128,medium_vector,BINARY,1,128,p95,1.1471972823143004
medium_vector_BINARY_g128,medium_vector,BINARY,1,128,p99,1.7404188656806943
medium_vector_TERNARY_g128,medium_vector,TERNARY,1.584,128,min,8.439309021923691e-05
medium_vector_TERNARY_g128,medium_vector,TERNARY,1.584,128,median,0.4264584481716156
medium_vector_TERNARY_g128,medium_vector,TERNARY,1.584,128,mean,0.4607045273419459
medium_vector_TERNARY_g128,medium_vector,TERNARY,1.584,128,max,2.8852293491363525
medium_vector_TERNARY_g128,medium_vector,TERNARY,1.584,128,std,0.3561622398036506
medium_vector_TERNARY_g128,medium_vector,TERNARY,1.584,128,p25,0.20491113513708115
medium_vector_TERNARY_g128,medium_vector,TERNARY,1.584,128,p75,0.6371735967695713
medium_vector_TERNARY_g128,medium_vector,TERNARY,1.584,128,p95,1.1181627452373504
medium_vector_TERNARY_g128,medium_vector,TERNARY,1.584,128,p99,1.6926170897483819
large_vector_FP32_g0,large_vector,FP32,32,1,min,0.0
large_vector_FP32_g0,large_vector,FP32,32,1,median,0.0
large_vector_FP32_g0,large_vector,FP32,32,1,mean,0.0
large_vector_FP32_g0,large_vector,FP32,32,1,max,0.0
large_vector_FP32_g0,large_vector,FP32,32,1,std,0.0
large_vector_FP32_g0,large_vector,FP32,32,1,p25,0.0
large_vector_FP32_g0,large_vector,FP32,32,1,p75,0.0
large_vector_FP32_g0,large_vector,FP32,32,1,p95,0.0
large_vector_FP32_g0,large_vector,FP32,32,1,p99,0.0
large_vector_FP16_g0,large_vector,FP16,16,1,min,0.0
large_vector_FP16_g0,large_vector,FP16,16,1,median,8.927285671234131e-05
large_vector_FP16_g0,large_vector,FP16,16,1,mean,0.00014007002512350653
large_vector_FP16_g0,large_vector,FP16,16,1,max,0.0015196800231933594
large_vector_FP16_g0,large_vector,FP16,16,1,std,0.00015476603806627797
large_vector_FP16_g0,large_vector,FP16,16,1,p25,2.9943883419036865e-05
large_vector_FP16_g0,large_vector,FP16,16,1,p75,0.000199928879737854
large_vector_FP16_g0,large_vector,FP16,16,1,p95,0.0004414081573486327
large_vector_FP16_g0,large_vector,FP16,16,1,p99,0.0007758331298828129
large_vector_INT8_g128,large_vector,INT8,8,128,min,1.3113021850585938e-06
large_vector_INT8_g128,large_vector,INT8,8,128,median,0.005529671907424927
large_vector_INT8_g128,large_vector,INT8,8,128,mean,0.00561371033630742
large_vector_INT8_g128,large_vector,INT8,8,128,max,0.01707446575164795
large_vector_INT8_g128,large_vector,INT8,8,128,std,0.00337542218067153
large_vector_INT8_g128,large_vector,INT8,8,128,p25,0.002740010619163513
large_vector_INT8_g128,large_vector,INT8,8,128,p75,0.008295806124806404
large_vector_INT8_g128,large_vector,INT8,8,128,p95,0.011024793982505799
large_vector_INT8_g128,large_vector,INT8,8,128,p99,0.012800665199756627
large_vector_INT4_g128,large_vector,INT4,4,128,min,1.430511474609375e-06
large_vector_INT4_g128,large_vector,INT4,4,128,median,0.09947046637535095
large_vector_INT4_g128,large_vector,INT4,4,128,mean,0.10083068967581887
large_vector_INT4_g128,large_vector,INT4,4,128,max,0.309908390045166
large_vector_INT4_g128,large_vector,INT4,4,128,std,0.06088482534266375
large_vector_INT4_g128,large_vector,INT4,4,128,p25,0.04856310971081257
large_vector_INT4_g128,large_vector,INT4,4,128,p75,0.14948543906211853
large_vector_INT4_g128,large_vector,INT4,4,128,p95,0.19933650493621824
large_vector_INT4_g128,large_vector,INT4,4,128,p99,0.22559386745095258
large_vector_BINARY_g128,large_vector,BINARY,1,128,min,7.87973403930664e-05
large_vector_BINARY_g128,large_vector,BINARY,1,128,median,0.439399853348732
large_vector_BINARY_g128,large_vector,BINARY,1,128,mean,0.4866124602456363
large_vector_BINARY_g128,large_vector,BINARY,1,128,max,3.6527862548828125
large_vector_BINARY_g128,large_vector,BINARY,1,128,std,0.36471805996167483
large_vector_BINARY_g128,large_vector,BINARY,1,128,p25,0.22084425389766693
large_vector_BINARY_g128,large_vector,BINARY,1,128,p75,0.6630188971757889
large_vector_BINARY_g128,large_vector,BINARY,1,128,p95,1.152200448513031
large_vector_BINARY_g128,large_vector,BINARY,1,128,p99,1.8386233305931095
large_vector_TERNARY_g128,large_vector,TERNARY,1.584,128,min,8.439309021923691e-05
large_vector_TERNARY_g128,large_vector,TERNARY,1.584,128,median,0.4106101244688034
large_vector_TERNARY_g128,large_vector,TERNARY,1.584,128,mean,0.4585983021445248
large_vector_TERNARY_g128,large_vector,TERNARY,1.584,128,max,3.6298370361328125
large_vector_TERNARY_g128,large_vector,TERNARY,1.584,128,std,0.36343817297703057
large_vector_TERNARY_g128,large_vector,TERNARY,1.584,128,p25,0.1863657832145691
large_vector_TERNARY_g128,large_vector,TERNARY,1.584,128,p75,0.6392217725515366
large_vector_TERNARY_g128,large_vector,TERNARY,1.584,128,p95,1.1200302720069883
large_vector_TERNARY_g128,large_vector,TERNARY,1.584,128,p99,1.794183163642885
small_matrix_FP32_g0,small_matrix,FP32,32,1,min,0.0
small_matrix_FP32_g0,small_matrix,FP32,32,1,median,0.0
small_matrix_FP32_g0,small_matrix,FP32,32,1,mean,0.0
small_matrix_FP32_g0,small_matrix,FP32,32,1,max,0.0
small_matrix_FP32_g0,small_matrix,FP32,32,1,std,0.0
small_matrix_FP32_g0,small_matrix,FP32,32,1,p25,0.0
small_matrix_FP32_g0,small_matrix,FP32,32,1,p75,0.0
small_matrix_FP32_g0,small_matrix,FP32,32,1,p95,0.0
small_matrix_FP32_g0,small_matrix,FP32,32,1,p99,0.0
small_matrix_FP16_g0,small_matrix,FP16,16,1,min,0.0
small_matrix_FP16_g0,small_matrix,FP16,16,1,median,8.824467658996582e-05
small_matrix_FP16_g0,small_matrix,FP16,16,1,mean,0.0001394130796761317
small_matrix_FP16_g0,small_matrix,FP16,16,1,max,0.0009751319885253906
small_matrix_FP16_g0,small_matrix,FP16,16,1,std,0.00015254755843881434
small_matrix_FP16_g0,small_matrix,FP16,16,1,p25,3.0454248189926147e-05
small_matrix_FP16_g0,small_matrix,FP16,16,1,p75,0.000199928879737854
small_matrix_FP16_g0,small_matrix,FP16,16,1,p95,0.00043827295303344727
small_matrix_FP16_g0,small_matrix,FP16,16,1,p99,0.0007416009902954132
small_matrix_INT8_g128,small_matrix,INT8,8,128,min,1.3113021850585938e-06
small_matrix_INT8_g128,small_matrix,INT8,8,128,median,0.005472540855407715
small_matrix_INT8_g128,small_matrix,INT8,8,128,mean,0.005517582499368956
small_matrix_INT8_g128,small_matrix,INT8,8,128,max,0.014323592185974121
small_matrix_INT8_g128,small_matrix,INT8,8,128,std,0.003261974716531777
small_matrix_INT8_g128,small_matrix,INT8,8,128,p25,0.002723023295402527
small_matrix_INT8_g128,small_matrix,INT8,8,128,p75,0.008145686239004135
small_matrix_INT8_g128,small_matrix,INT8,8,128,p95,0.010780304670333862
small_matrix_INT8_g128,small_matrix,INT8,8,128,p99,0.011967743188142779
small_matrix_INT4_g128,small_matrix,INT4,4,128,min,1.430511474609375e-06
small_matrix_INT4_g128,small_matrix,INT4,4,128,median,0.0981234759092331
small_matrix_INT4_g128,small_matrix,INT4,4,128,mean,0.0985498613988689
small_matrix_INT4_g128,small_matrix,INT4,4,128,max,0.25583207607269287
small_matrix_INT4_g128,small_matrix,INT4,4,128,std,0.05850039128500178
small_matrix_INT4_g128,small_matrix,INT4,4,128,p25,0.04788923263549805
small_matrix_INT4_g128,small_matrix,INT4,4,128,p75,0.14623688161373138
small_matrix_INT4_g128,small_matrix,INT4,4,128,p95,0.19345122575759888
small_matrix_INT4_g128,small_matrix,INT4,4,128,p99,0.2117922186851502
small_matrix_BINARY_g128,small_matrix,BINARY,1,128,min,7.87973403930664e-05
small_matrix_BINARY_g128,small_matrix,BINARY,1,128,median,0.43793928623199463
small_matrix_BINARY_g128,small_matrix,BINARY,1,128,mean,0.48429512044479495
small_matrix_BINARY_g128,small_matrix,BINARY,1,128,max,2.9145262241363525
small_matrix_BINARY_g128,small_matrix,BINARY,1,128,std,0.3601864019470039
small_matrix_BINARY_g128,small_matrix,BINARY,1,128,p25,0.219833642244339
small_matrix_BINARY_g128,small_matrix,BINARY,1,128,p75,0.6616329289972782
small_matrix_BINARY_g128,small_matrix,BINARY,1,128,p95,1.1529981195926666
small_matrix_BINARY_g128,small_matrix,BINARY,1,128,p99,1.8107538580894478
small_matrix_TERNARY_g128,small_matrix,TERNARY,1.584,128,min,8.439309021923691e-05
small_matrix_TERNARY_g128,small_matrix,TERNARY,1.584,128,median,0.4113650918006897
small_matrix_TERNARY_g128,small_matrix,TERNARY,1.584,128,mean,0.45831941977646196
small_matrix_TERNARY_g128,small_matrix,TERNARY,1.584,128,max,2.8852293491363525
small_matrix_TERNARY_g128,small_matrix,TERNARY,1.584,128,std,0.3591204955836462
small_matrix_TERNARY_g128,small_matrix,TERNARY,1.584,128,p25,0.1892612874507904
small_matrix_TERNARY_g128,small_matrix,TERNARY,1.584,128,p75,0.6353807523846626
small_matrix_TERNARY_g128,small_matrix,TERNARY,1.584,128,p95,1.1202322244644165
small_matrix_TERNARY_g128,small_matrix,TERNARY,1.584,128,p99,1.7721878647804268
medium_matrix_FP32_g0,medium_matrix,FP32,32,1,min,0.0
medium_matrix_FP32_g0,medium_matrix,FP32,32,1,median,0.0
medium_matrix_FP32_g0,medium_matrix,FP32,32,1,mean,0.0
medium_matrix_FP32_g0,medium_matrix,FP32,32,1,max,0.0
medium_matrix_FP32_g0,medium_matrix,FP32,32,1,std,0.0
medium_matrix_FP32_g0,medium_matrix,FP32,32,1,p25,0.0
medium_matrix_FP32_g0,medium_matrix,FP32,32,1,p75,0.0
medium_matrix_FP32_g0,medium_matrix,FP32,32,1,p95,0.0
medium_matrix_FP32_g0,medium_matrix,FP32,32,1,p99,0.0
medium_matrix_FP16_g0,medium_matrix,FP16,16,1,min,0.0
medium_matrix_FP16_g0,medium_matrix,FP16,16,1,median,8.988380432128906e-05
medium_matrix_FP16_g0,medium_matrix,FP16,16,1,mean,0.0001408027249527044
medium_matrix_FP16_g0,medium_matrix,FP16,16,1,max,0.0019207000732421875
medium_matrix_FP16_g0,medium_matrix,FP16,16,1,std,0.00015401549128116416
medium_matrix_FP16_g0,medium_matrix,FP16,16,1,p25,3.039836883544922e-05
medium_matrix_FP16_g0,medium_matrix,FP16,16,1,p75,0.00020062923431396484
medium_matrix_FP16_g0,medium_matrix,FP16,16,1,p95,0.00044274330139160156
medium_matrix_FP16_g0,medium_matrix,FP16,16,1,p99,0.0007658600807189959
medium_matrix_INT8_g128,medium_matrix,INT8,8,128,min,0.0
medium_matrix_INT8_g128,medium_matrix,INT8,8,128,median,0.0054375529289245605
medium_matrix_INT8_g128,medium_matrix,INT8,8,128,mean,0.0055492941616122615
medium_matrix_INT8_g128,medium_matrix,INT8,8,128,max,0.019529104232788086
medium_matrix_INT8_g128,medium_matrix,INT8,8,128,std,0.0033733761449987933
medium_matrix_INT8_g128,medium_matrix,INT8,8,128,p25,0.002682223916053772
medium_matrix_INT8_g128,medium_matrix,INT8,8,128,p75,0.008194610476493835
medium_matrix_INT8_g128,medium_matrix,INT8,8,128,p95,0.011073723435401917
medium_matrix_INT8_g128,medium_matrix,INT8,8,128,p99,0.013010485470294953
medium_matrix_INT4_g128,medium_matrix,INT4,4,128,min,2.384185791015625e-07
medium_matrix_INT4_g128,medium_matrix,INT4,4,128,median,0.09774331748485565
medium_matrix_INT4_g128,medium_matrix,INT4,4,128,mean,0.10034966188892863
medium_matrix_INT4_g128,medium_matrix,INT4,4,128,max,0.3574252128601074
medium_matrix_INT4_g128,medium_matrix,INT4,4,128,std,0.06153614695392363
medium_matrix_INT4_g128,medium_matrix,INT4,4,128,p25,0.04803026467561722
medium_matrix_INT4_g128,medium_matrix,INT4,4,128,p75,0.1487800069153309
medium_matrix_INT4_g128,medium_matrix,INT4,4,128,p95,0.20141983404755592
medium_matrix_INT4_g128,medium_matrix,INT4,4,128,p99,0.23654244989156722
medium_matrix_BINARY_g128,medium_matrix,BINARY,1,128,min,9.059906005859375e-06
medium_matrix_BINARY_g128,medium_matrix,BINARY,1,128,median,0.43588975071907043
medium_matrix_BINARY_g128,medium_matrix,BINARY,1,128,mean,0.4837408149580668
medium_matrix_BINARY_g128,medium_matrix,BINARY,1,128,max,4.160555362701416
medium_matrix_BINARY_g128,medium_matrix,BINARY,1,128,std,0.3626726438659025
medium_matrix_BINARY_g128,medium_matrix,BINARY,1,128,p25,0.21740229427814484
medium_matrix_BINARY_g128,medium_matrix,BINARY,1,128,p75,0.6628272049129009
medium_matrix_BINARY_g128,medium_matrix,BINARY,1,128,p95,1.159761518239975
medium_matrix_BINARY_g128,medium_matrix,BINARY,1,128,p99,1.78148126602173
medium_matrix_TERNARY_g128,medium_matrix,TERNARY,1.584,128,min,1.633167266845703e-05
medium_matrix_TERNARY_g128,medium_matrix,TERNARY,1.584,128,median,0.40971045196056366
medium_matrix_TERNARY_g128,medium_matrix,TERNARY,1.584,128,mean,0.456784780314949
medium_matrix_TERNARY_g128,medium_matrix,TERNARY,1.584,128,max,4.106356143951416
medium_matrix_TERNARY_g128,medium_matrix,TERNARY,1.584,128,std,0.3615574899871856
medium_matrix_TERNARY_g128,medium_matrix,TERNARY,1.584,128,p25,0.18602080643177032
medium_matrix_TERNARY_g128,medium_matrix,TERNARY,1.584,128,p75,0.640162568539381
medium_matrix_TERNARY_g128,medium_matrix,TERNARY,1.584,128,p95,1.1262681782245636
medium_matrix_TERNARY_g128,medium_matrix,TERNARY,1.584,128,p99,1.7470939874649054
large_matrix_FP32_g0,large_matrix,FP32,32,1,min,0.0
large_matrix_FP32_g0,large_matrix,FP32,32,1,median,0.0
large_matrix_FP32_g0,large_matrix,FP32,32,1,mean,0.0
large_matrix_FP32_g0,large_matrix,FP32,32,1,max,0.0
large_matrix_FP32_g0,large_matrix,FP32,32,1,std,0.0
large_matrix_FP32_g0,large_matrix,FP32,32,1,p25,0.0
large_matrix_FP32_g0,large_matrix,FP32,32,1,p75,0.0
large_matrix_FP32_g0,large_matrix,FP32,32,1,p95,0.0
large_matrix_FP32_g0,large_matrix,FP32,32,1,p99,0.0
large_matrix_FP16_g0,large_matrix,FP16,16,1,min,0.0
large_matrix_FP16_g0,large_matrix,FP16,16,1,median,9.050965309143066e-05
large_matrix_FP16_g0,large_matrix,FP16,16,1,mean,0.00014065230656687888
large_matrix_FP16_g0,large_matrix,FP16,16,1,max,0.0019207000732421875
large_matrix_FP16_g0,large_matrix,FP16,16,1,std,0.00015306177180496287
large_matrix_FP16_g0,large_matrix,FP16,16,1,p25,3.045797348022461e-05
large_matrix_FP16_g0,large_matrix,FP16,16,1,p75,0.00020068883895874023
large_matrix_FP16_g0,large_matrix,FP16,16,1,p95,0.0004430115222930908
large_matrix_FP16_g0,large_matrix,FP16,16,1,p99,0.0007622241973876953
large_matrix_INT8_g128,large_matrix,INT8,8,128,min,0.0
large_matrix_INT8_g128,large_matrix,INT8,8,128,median,0.0054320283234119415
large_matrix_INT8_g128,large_matrix,INT8,8,128,mean,0.0055388376355363245
large_matrix_INT8_g128,large_matrix,INT8,8,128,max,0.019529104232788086
large_matrix_INT8_g128,large_matrix,INT8,8,128,std,0.003359659824679049
large_matrix_INT8_g128,large_matrix,INT8,8,128,p25,0.0026800334453582764
large_matrix_INT8_g128,large_matrix,INT8,8,128,p75,0.00819253921508789
large_matrix_INT8_g128,large_matrix,INT8,8,128,p95,0.011018937453627586
large_matrix_INT8_g128,large_matrix,INT8,8,128,p99,0.012876313179731369
large_matrix_INT4_g128,large_matrix,INT4,4,128,min,0.0
large_matrix_INT4_g128,large_matrix,INT4,4,128,median,0.09844710677862167
large_matrix_INT4_g128,large_matrix,INT4,4,128,mean,0.1003740310374759
large_matrix_INT4_g128,large_matrix,INT4,4,128,max,0.3574252128601074
large_matrix_INT4_g128,large_matrix,INT4,4,128,std,0.061077669511001076
large_matrix_INT4_g128,large_matrix,INT4,4,128,p25,0.04845230281352997
large_matrix_INT4_g128,large_matrix,INT4,4,128,p75,0.1486380361020565
large_matrix_INT4_g128,large_matrix,INT4,4,128,p95,0.19993390887975693
large_matrix_INT4_g128,large_matrix,INT4,4,128,p99,0.23354516178369522
large_matrix_BINARY_g128,large_matrix,BINARY,1,128,min,4.76837158203125e-07
large_matrix_BINARY_g128,large_matrix,BINARY,1,128,median,0.432629331946373
large_matrix_BINARY_g128,large_matrix,BINARY,1,128,mean,0.4808813062663113
large_matrix_BINARY_g128,large_matrix,BINARY,1,128,max,4.160555362701416
large_matrix_BINARY_g128,large_matrix,BINARY,1,128,std,0.36073336291562563
large_matrix_BINARY_g128,large_matrix,BINARY,1,128,p25,0.21463526785373688
large_matrix_BINARY_g128,large_matrix,BINARY,1,128,p75,0.6598265459761024
large_matrix_BINARY_g128,large_matrix,BINARY,1,128,p95,1.155899465084076
large_matrix_BINARY_g128,large_matrix,BINARY,1,128,p99,1.7728919982910156
large_matrix_TERNARY_g128,large_matrix,TERNARY,1.584,128,min,1.8737638640686782e-07
large_matrix_TERNARY_g128,large_matrix,TERNARY,1.584,128,median,0.4073604345321655
large_matrix_TERNARY_g128,large_matrix,TERNARY,1.584,128,mean,0.45508238225983244
large_matrix_TERNARY_g128,large_matrix,TERNARY,1.584,128,max,4.118179798126221
large_matrix_TERNARY_g128,large_matrix,TERNARY,1.584,128,std,0.35971930499231036
large_matrix_TERNARY_g128,large_matrix,TERNARY,1.584,128,p25,0.18479374051094055
large_matrix_TERNARY_g128,large_matrix,TERNARY,1.584,128,p75,0.6378405392169952
large_matrix_TERNARY_g128,large_matrix,TERNARY,1.584,128,p95,1.123560905456543
large_matrix_TERNARY_g128,large_matrix,TERNARY,1.584,128,p99,1.740303099155426
fp16_vector_FP32_g0,fp16_vector,FP32,32,1,min,0.0
fp16_vector_FP32_g0,fp16_vector,FP32,32,1,median,0.0
fp16_vector_FP32_g0,fp16_vector,FP32,32,1,mean,0.0
fp16_vector_FP32_g0,fp16_vector,FP32,32,1,max,0.0
fp16_vector_FP32_g0,fp16_vector,FP32,32,1,std,0.0
fp16_vector_FP32_g0,fp16_vector,FP32,32,1,p25,0.0
fp16_vector_FP32_g0,fp16_vector,FP32,32,1,p75,0.0
fp16_vector_FP32_g0,fp16_vector,FP32,32,1,p95,0.0
fp16_vector_FP32_g0,fp16_vector,FP32,32,1,p99,0.0
fp16_vector_FP16_g0,fp16_vector,FP16,16,1,min,0.0
fp16_vector_FP16_g0,fp16_vector,FP16,16,1,median,0.0
fp16_vector_FP16_g0,fp16_vector,FP16,16,1,mean,0.0
fp16_vector_FP16_g0,fp16_vector,FP16,16,1,max,0.0
fp16_vector_FP16_g0,fp16_vector,FP16,16,1,std,0.0
fp16_vector_FP16_g0,fp16_vector,FP16,16,1,p25,0.0
fp16_vector_FP16_g0,fp16_vector,FP16,16,1,p75,0.0
fp16_vector_FP16_g0,fp16_vector,FP16,16,1,p95,0.0
fp16_vector_FP16_g0,fp16_vector,FP16,16,1,p99,0.0
fp16_vector_INT8_g128,fp16_vector,INT8,8,128,min,0.0
fp16_vector_INT8_g128,fp16_vector,INT8,8,128,median,0.00543212890625
fp16_vector_INT8_g128,fp16_vector,INT8,8,128,mean,0.005542367231100798
fp16_vector_INT8_g128,fp16_vector,INT8,8,128,max,0.0142364501953125
fp16_vector_INT8_g128,fp16_vector,INT8,8,128,std,0.0034173657257040206
fp16_vector_INT8_g128,fp16_vector,INT8,8,128,p25,0.002532958984375
fp16_vector_INT8_g128,fp16_vector,INT8,8,128,p75,0.0080718994140625
fp16_vector_INT8_g128,fp16_vector,INT8,8,128,p95,0.0111846923828125
fp16_vector_INT8_g128,fp16_vector,INT8,8,128,p99,0.013112030029296874
fp16_vector_INT4_g128,fp16_vector,INT4,4,128,min,0.0
fp16_vector_INT4_g128,fp16_vector,INT4,4,128,median,0.095458984375
fp16_vector_INT4_g128,fp16_vector,INT4,4,128,mean,0.09957505716010928
fp16_vector_INT4_g128,fp16_vector,INT4,4,128,max,0.255859375
fp16_vector_INT4_g128,fp16_vector,INT4,4,128,std,0.06028119971336882
fp16_vector_INT4_g128,fp16_vector,INT4,4,128,p25,0.049896240234375
fp16_vector_INT4_g128,fp16_vector,INT4,4,128,p75,0.1485595703125
fp16_vector_INT4_g128,fp16_vector,INT4,4,128,p95,0.20113525390624998
fp16_vector_INT4_g128,fp16_vector,INT4,4,128,p99,0.23062011718749997
fp16_vector_BINARY_g128,fp16_vector,BINARY,1,128,min,0.0
fp16_vector_BINARY_g128,fp16_vector,BINARY,1,128,median,0.43896484375
fp16_vector_BINARY_g128,fp16_vector,BINARY,1,128,mean,0.4832303379662335
fp16_vector_BINARY_g128,fp16_vector,BINARY,1,128,max,2.91455078125
fp16_vector_BINARY_g128,fp16_vector,BINARY,1,128,std,0.3553617196382609
fp16_vector_BINARY_g128,fp16_vector,BINARY,1,128,p25,0.2301025390625
fp16_vector_BINARY_g128,fp16_vector,BINARY,1,128,p75,0.655364990234375
fp16_vector_BINARY_g128,fp16_vector,BINARY,1,128,p95,1.1473876953125
fp16_vector_BINARY_g128,fp16_vector,BINARY,1,128,p99,1.7401708984374997
fp16_vector_TERNARY_g128,fp16_vector,TERNARY,1.584,128,min,8.440017700195312e-05
fp16_vector_TERNARY_g128,fp16_vector,TERNARY,1.584,128,median,0.42626953125
fp16_vector_TERNARY_g128,fp16_vector,TERNARY,1.584,128,mean,0.4606832410208881
fp16_vector_TERNARY_g128,fp16_vector,TERNARY,1.584,128,max,2.8857421875
fp16_vector_TERNARY_g128,fp16_vector,TERNARY,1.584,128,std,0.3561904550782729
fp16_vector_TERNARY_g128,fp16_vector,TERNARY,1.584,128,p25,0.20501708984375
fp16_vector_TERNARY_g128,fp16_vector,TERNARY,1.584,128,p75,0.63726806640625
fp16_vector_TERNARY_g128,fp16_vector,TERNARY,1.584,128,p95,1.1185791015625
fp16_vector_TERNARY_g128,fp16_vector,TERNARY,1.584,128,p99,1.6924511718749993
fp16_matrix_FP32_g0,fp16_matrix,FP32,32,1,min,0.0
fp16_matrix_FP32_g0,fp16_matrix,FP32,32,1,median,0.0
fp16_matrix_FP32_g0,fp16_matrix,FP32,32,1,mean,0.0
fp16_matrix_FP32_g0,fp16_matrix,FP32,32,1,max,0.0
fp16_matrix_FP32_g0,fp16_matrix,FP32,32,1,std,0.0
fp16_matrix_FP32_g0,fp16_matrix,FP32,32,1,p25,0.0
fp16_matrix_FP32_g0,fp16_matrix,FP32,32,1,p75,0.0
fp16_matrix_FP32_g0,fp16_matrix,FP32,32,1,p95,0.0
fp16_matrix_FP32_g0,fp16_matrix,FP32,32,1,p99,0.0
fp16_matrix_FP16_g0,fp16_matrix,FP16,16,1,min,0.0
fp16_matrix_FP16_g0,fp16_matrix,FP16,16,1,median,0.0
fp16_matrix_FP16_g0,fp16_matrix,FP16,16,1,mean,0.0
fp16_matrix_FP16_g0,fp16_matrix,FP16,16,1,max,0.0
fp16_matrix_FP16_g0,fp16_matrix,FP16,16,1,std,0.0
fp16_matrix_FP16_g0,fp16_matrix,FP16,16,1,p25,0.0
fp16_matrix_FP16_g0,fp16_matrix,FP16,16,1,p75,0.0
fp16_matrix_FP16_g0,fp16_matrix,FP16,16,1,p95,0.0
fp16_matrix_FP16_g0,fp16_matrix,FP16,16,1,p99,0.0
fp16_matrix_INT8_g128,fp16_matrix,INT8,8,128,min,0.0
fp16_matrix_INT8_g128,fp16_matrix,INT8,8,128,median,0.00543212890625
fp16_matrix_INT8_g128,fp16_matrix,INT8,8,128,mean,0.005547732467675814
fp16_matrix_INT8_g128,fp16_matrix,INT8,8,128,max,0.01953125
fp16_matrix_INT8_g128,fp16_matrix,INT8,8,128,std,0.0033725562878055464
fp16_matrix_INT8_g128,fp16_matrix,INT8,8,128,p25,0.002685546875
fp16_matrix_INT8_g128,fp16_matrix,INT8,8,128,p75,0.0081939697265625
fp16_matrix_INT8_g128,fp16_matrix,INT8,8,128,p95,0.0110626220703125
fp16_matrix_INT8_g128,fp16_matrix,INT8,8,128,p99,0.012995147705078147
fp16_matrix_INT4_g128,fp16_matrix,INT4,4,128,min,0.0
fp16_matrix_INT4_g128,fp16_matrix,INT4,4,128,median,0.09765625
fp16_matrix_INT4_g128,fp16_matrix,INT4,4,128,mean,0.10034884617562057
fp16_matrix_INT4_g128,fp16_matrix,INT4,4,128,max,0.357421875
fp16_matrix_INT4_g128,fp16_matrix,INT4,4,128,std,0.061537028748820256
fp16_matrix_INT4_g128,fp16_matrix,INT4,4,128,p25,0.047882080078125
fp16_matrix_INT4_g128,fp16_matrix,INT4,4,128,p75,0.14892578125
fp16_matrix_INT4_g128,fp16_matrix,INT4,4,128,p95,0.201416015625
fp16_matrix_INT4_g128,fp16_matrix,INT4,4,128,p99,0.236572265625
fp16_matrix_BINARY_g128,fp16_matrix,BINARY,1,128,min,0.0
fp16_matrix_BINARY_g128,fp16_matrix,BINARY,1,128,median,0.435791015625
fp16_matrix_BINARY_g128,fp16_matrix,BINARY,1,128,mean,0.4837405522084737
fp16_matrix_BINARY_g128,fp16_matrix,BINARY,1,128,max,4.1611328125
fp16_matrix_BINARY_g128,fp16_matrix,BINARY,1,128,std,0.36267236836690575
fp16_matrix_BINARY_g128,fp16_matrix,BINARY,1,128,p25,0.21728515625
fp16_matrix_BINARY_g128,fp16_matrix,BINARY,1,128,p75,0.662750244140625
fp16_matrix_BINARY_g128,fp16_matrix,BINARY,1,128,p95,1.16015625
fp16_matrix_BINARY_g128,fp16_matrix,BINARY,1,128,p99,1.7820556640625007
fp16_matrix_TERNARY_g128,fp16_matrix,TERNARY,1.584,128,min,0.0
fp16_matrix_TERNARY_g128,fp16_matrix,TERNARY,1.584,128,median,0.40966796875
fp16_matrix_TERNARY_g128,fp16_matrix,TERNARY,1.584,128,mean,0.45678535395200015
fp16_matrix_TERNARY_g128,fp16_matrix,TERNARY,1.584,128,max,4.10693359375
fp16_matrix_TERNARY_g128,fp16_matrix,TERNARY,1.584,128,std,0.3615561013627492
fp16_matrix_TERNARY_g128,fp16_matrix,TERNARY,1.584,128,p25,0.18603515625
fp16_matrix_TERNARY_g128,fp16_matrix,TERNARY,1.584,128,p75,0.64013671875
fp16_matrix_TERNARY_g128,fp16_matrix,TERNARY,1.584,128,p95,1.1259765625
fp16_matrix_TERNARY_g128,fp16_matrix,TERNARY,1.584,128,p99,1.7468994140625007
