experiment_id,timestamp,model_identifier,parameter_count,tensor_count,source_dtype,compression_method,target_bits,group_size,scale_dtype,original_bytes,compressed_bytes,actual_bits_per_weight,compression_ratio,mae,mse,rmse,max_absolute_error,relative_error,transformation_time_ms,dequantization_time_ms,validation_time_ms,total_time_ms,theoretical_storage_bytes,actual_storage_bytes,metadata_bytes,scales_bytes,padding_bytes,tensor_headers_bytes,serialization_overhead_bytes,random_seed,notes,error_min,error_median,error_mean,error_max,error_std,error_p25,error_p75,error_p95,error_p99,error_count
small_vector_FP32_g0,,small_vector,128,1,<class 'numpy.float32'>,FP32,32,1,<class 'numpy.float32'>,512,512,32.0,1.0,0.0,0.0,0.0,0.0,0.0,0.002207991201430559,0.001292035449296236,11.826667003333569,11.830167029984295,1024,512,0,0,0,0,0,42,,0.0,0.0,0.0,0.0,0.0,0.0,0.0,0.0,0.0,128
small_vector_FP16_g0,,small_vector,128,1,<class 'numpy.float32'>,FP16,16,1,<class 'numpy.float16'>,512,256,16.0,2.0,0.000112668945803307,1.269429134842853e-08,0.000112668945803307,0.0009305477142333984,0.00021299853361455843,0.013999990187585354,0.20666600903496146,0.5139579880051315,0.7346239872276783,512,256,0,0,0,0,0,42,,8.456408977508545e-07,8.028745651245117e-05,0.000112668945803307,0.0009305477142333984,0.000126695119600655,2.580508589744568e-05,0.00017383694648742676,0.00036359429359435945,0.0004678678512573243,128
small_vector_INT8_g128,,small_vector,128,1,<class 'numpy.float32'>,INT8,8,128,<class 'numpy.float16'>,512,130,8.125,3.9384615384615387,0.004201620075036772,1.7653611254952008e-05,0.004201620075036772,0.008365273475646973,0.0061045116749446,0.6280839443206787,0.03966700751334429,0.22408401127904654,0.8918349631130695,130,130,0,2,0,0,0,42,,1.2516975402832031e-05,0.004047777503728867,0.004201620075036772,0.008365273475646973,0.002440896921775546,0.0019832253456115723,0.0063020288944244385,0.008023077249526977,0.008304349184036256,128
small_vector_INT4_g128,,small_vector,128,1,<class 'numpy.float32'>,INT4,4,128,<class 'numpy.float16'>,512,66,4.125,7.757575757575758,0.0769344733125763,0.005918913183883515,0.0769344733125763,0.1525794267654419,0.11045190822245031,0.6089999806135893,0.27479202253744006,0.208082958124578,1.0918749612756073,66,66,0,2,0,0,0,42,,0.00029015541076660156,0.07571259140968323,0.0769344733125763,0.1525794267654419,0.04255483951688963,0.04537322372198105,0.11461682617664337,0.14390389993786812,0.15124056845903397,128
small_vector_BINARY_g128,,small_vector,128,1,<class 'numpy.float32'>,BINARY,1,128,<class 'numpy.float16'>,512,18,1.125,28.444444444444443,0.3662752835516585,0.13415758334084785,0.3662752835516585,1.4878389835357666,0.5699912684331021,0.2845840062946081,0.041417020838707685,0.22441602777689695,0.5504170549102128,18,18,0,2,0,0,0,42,,0.003215789794921875,0.29960983991622925,0.3662752835516585,1.4878389835357666,0.2677622672189854,0.1863357424736023,0.5023050494492054,0.8300592839717862,1.2368235766887674,128
small_vector_TERNARY_g128,,small_vector,128,1,<class 'numpy.float32'>,TERNARY,1.584,128,<class 'numpy.float16'>,512,34,2.125,15.058823529411764,0.3498164007469313,0.12237151423153765,0.3498164007469313,1.4673311710357666,0.5520814813565043,0.09891699301078916,0.050292001105844975,0.20100001711398363,0.35020901123061776,28,34,0,2,0,0,0,42,,0.004597127437591553,0.29505789279937744,0.3498164007469313,1.4673311710357666,0.26598793562499873,0.17436468601226807,0.4908507280051708,0.8095514714717862,1.2163157641887674,128
medium_vector_FP32_g0,,medium_vector,1024,1,<class 'numpy.float32'>,FP32,32,1,<class 'numpy.float32'>,4096,4096,32.0,1.0,0.0,0.0,0.0,0.0,0.0,0.002459040842950344,0.0025830231606960297,0.8303329814225435,0.8353750454261899,8192,4096,0,0,0,0,0,42,,0.0,0.0,0.0,0.0,0.0,0.0,0.0,0.0,0.0,1024
medium_vector_FP16_g0,,medium_vector,1024,1,<class 'numpy.float32'>,FP16,16,1,<class 'numpy.float16'>,4096,2048,16.0,2.0,0.00013587051283536766,1.8460796258145808e-08,0.00013587051283536766,0.0009593963623046875,0.00020324837475767384,0.002667016815394163,0.0018750433810055256,0.35341596230864525,0.35795802250504494,4096,2048,0,0,0,0,0,42,,7.086782716214657e-09,8.52048397064209e-05,0.00013587051283536766,0.0009593963623046875,0.00014669015187421114,3.2395124435424805e-05,0.00019715726375579834,0.000432366132736206,0.0007294440269470212,1024
medium_vector_INT8_g128,,medium_vector,1024,1,<class 'numpy.float32'>,INT8,8,128,<class 'numpy.float16'>,4096,1040,8.125,3.9384615384615387,0.005535304320360979,3.0639593919006914e-05,0.005535304320360979,0.014323592185974121,0.006609100759763763,0.15350000467151403,0.029916991479694843,0.2862090477719903,0.4696260439231992,1040,1040,0,16,0,0,0,42,,1.3113021850585938e-06,0.0053860098123550415,0.005535304320360979,0.014323592185974121,0.0034107384617986384,0.002535581588745117,0.008069369941949844,0.011251306533813468,0.013187730312347412,1024
medium_vector_INT4_g128,,medium_vector,1024,1,<class 'numpy.float32'>,INT4,4,128,<class 'numpy.float16'>,4096,528,4.125,7.757575757575758,0.09956993176230355,0.009914171311149786,0.09956993176230355,0.25583207607269287,0.11831002108178645,4.4082499807700515,0.33766700653359294,0.26845798129215837,5.014374968595803,528,528,0,16,0,0,0,42,,9.775161743164062e-06,0.09524145722389221,0.09956993176230355,0.25583207607269287,0.06026660915402566,0.050171107053756714,0.1482231765985489,0.20087343156337734,0.2304657934606075,1024
medium_vector_BINARY_g128,,medium_vector,1024,1,<class 'numpy.float32'>,BINARY,1,128,<class 'numpy.float16'>,4096,144,1.125,28.444444444444443,0.48322666451939256,0.23350800930253757,0.48322666451939256,2.9145262241363525,0.6097313820464804,0.2735840389505029,0.2898749662563205,0.2672090195119381,0.8306680247187614,144,144,0,16,0,0,0,42,,0.00012958049774169922,0.439287006855011,0.48322666451939256,2.9145262241363525,0.35536593056164806,0.23016579449176788,0.6553376466035843,1.1471972823143004,1.7404188656806943,1024
medium_vector_TERNARY_g128,,medium_vector,1024,1,<class 'numpy.float32'>,TERNARY,1.584,128,<class 'numpy.float16'>,4096,272,2.125,15.058823529411764,0.4607045273419459,0.21224866151336577,0.4607045273419459,2.8852293491363525,0.5919380340309622,0.516542000696063,0.3809999907389283,0.27241703355684876,1.1699590249918401,219,272,0,16,0,0,0,42,,8.439309021923691e-05,0.4264584481716156,0.4607045273419459,2.8852293491363525,0.3561622398036506,0.20491113513708115,0.6371735967695713,1.1181627452373504,1.6926170897483819,1024
large_vector_FP32_g0,,large_vector,8192,1,<class 'numpy.float32'>,FP32,32,1,<class 'numpy.float32'>,32768,32768,32.0,1.0,0.0,0.0,0.0,0.0,0.0,0.006375019438564777,0.007583992555737495,0.4201669944450259,0.4341260064393282,65536,32768,0,0,0,0,0,42,,0.0,0.0,0.0,0.0,0.0,0.0,0.0,0.0,0.0,8192
large_vector_FP16_g0,,large_vector,8192,1,<class 'numpy.float32'>,FP16,16,1,<class 'numpy.float16'>,32768,16384,16.0,2.0,0.00014007002512350653,1.961961193809975e-08,0.00014007002512350653,0.0015196800231933594,0.00020809188544838254,0.00208395067602396,0.001667009200900793,0.8497079834342003,0.853458943311125,32768,16384,0,0,0,0,0,42,,0.0,8.927285671234131e-05,0.00014007002512350653,0.0015196800231933594,0.00015476603806627797,2.9943883419036865e-05,0.000199928879737854,0.0004414081573486327,0.0007758331298828129,8192
large_vector_INT8_g128,,large_vector,8192,1,<class 'numpy.float32'>,INT8,8,128,<class 'numpy.float16'>,32768,8320,8.125,3.9384615384615387,0.00561371033630742,3.151374373996477e-05,0.00561371033630742,0.01707446575164795,0.006530040717096693,0.8264170028269291,0.13316702097654343,0.8477909723296762,1.8073749961331487,8320,8320,0,128,0,0,0,42,,1.3113021850585938e-06,0.005529671907424927,0.00561371033630742,0.01707446575164795,0.00337542218067153,0.002740010619163513,0.008295806124806404,0.011024793982505799,0.012800665199756627,8192
large_vector_INT4_g128,,large_vector,8192,1,<class 'numpy.float32'>,INT4,4,128,<class 'numpy.float16'>,32768,4224,4.125,7.757575757575758,0.10083068967581887,0.010166827980501288,0.10083068967581887,0.309908390045166,0.11742167329115877,35.275916976388544,2.5643749977461994,0.9905420010909438,38.83083397522569,4224,4224,0,128,0,0,0,42,,1.430511474609375e-06,0.09947046637535095,0.10083068967581887,0.309908390045166,0.06088482534266375,0.04856310971081257,0.14948543906211853,0.19933650493621824,0.22559386745095258,8192
large_vector_BINARY_g128,,large_vector,8192,1,<class 'numpy.float32'>,BINARY,1,128,<class 'numpy.float16'>,32768,1152,1.125,28.444444444444443,0.4866124602456363,0.236791686466311,0.4866124602456363,3.6527862548828125,0.6062344201162198,2.088374982122332,2.3987910244613886,0.8832499734126031,5.370415979996324,1152,1152,0,128,0,0,0,42,,7.87973403930664e-05,0.439399853348732,0.4866124602456363,3.6527862548828125,0.36471805996167483,0.22084425389766693,0.6630188971757889,1.152200448513031,1.8386233305931095,8192
large_vector_TERNARY_g128,,large_vector,8192,1,<class 'numpy.float32'>,TERNARY,1.584,128,<class 'numpy.float16'>,32768,2176,2.125,15.058823529411764,0.4585983021445248,0.21031240272984086,0.4585983021445248,3.6298370361328125,0.583334148182827,4.066499997861683,3.095082996878773,0.8680830360390246,8.029666030779481,1751,2176,0,128,0,0,0,42,,8.439309021923691e-05,0.4106101244688034,0.4585983021445248,3.6298370361328125,0.36343817297703057,0.1863657832145691,0.6392217725515366,1.1200302720069883,1.794183163642885,8192
small_matrix_FP32_g0,,small_matrix,4096,1,<class 'numpy.float32'>,FP32,32,1,<class 'numpy.float32'>,16384,16384,32.0,1.0,0.0,0.0,0.0,0.0,0.0,0.0017500133253633976,0.004249974153935909,0.31699996907263994,0.32299995655193925,32768,16384,0,0,0,0,0,42,,0.0,0.0,0.0,0.0,0.0,0.0,0.0,0.0,0.0,4096
small_matrix_FP16_g0,,small_matrix,4096,1,<class 'numpy.float32'>,FP16,16,1,<class 'numpy.float16'>,16384,8192,16.0,2.0,0.0001394130796761317,1.9436006784783445e-08,0.0001394130796761317,0.0009751319885253906,0.00020714670407559168,0.0019579892978072166,0.0017500133253633976,0.4818749730475247,0.4855829756706953,16384,8192,0,0,0,0,0,42,,0.0,8.824467658996582e-05,0.0001394130796761317,0.0009751319885253906,0.00015254755843881434,3.0454248189926147e-05,0.000199928879737854,0.00043827295303344727,0.0007416009902954132,4096
small_matrix_INT8_g128,,small_matrix,4096,1,<class 'numpy.float32'>,INT8,8,128,<class 'numpy.float16'>,16384,4160,8.125,3.9384615384615387,0.005517582499368956,3.0443716637342574e-05,0.005517582499368956,0.014323592185974121,0.006424910581319716,0.43650000588968396,0.07320800796151161,0.48091699136421084,0.9906250052154064,4160,4160,0,64,0,0,0,42,,1.3113021850585938e-06,0.005472540855407715,0.005517582499368956,0.014323592185974121,0.003261974716531777,0.002723023295402527,0.008145686239004135,0.010780304670333862,0.011967743188142779,4096
small_matrix_INT4_g128,,small_matrix,4096,1,<class 'numpy.float32'>,INT4,4,128,<class 'numpy.float16'>,16384,2112,4.125,7.757575757575758,0.0985498613988689,0.00971207518173627,0.0985498613988689,0.25583207607269287,0.11487732978943566,18.119208980351686,1.298709015827626,0.5885420250706375,20.00646002124995,2112,2112,0,64,0,0,0,42,,1.430511474609375e-06,0.0981234759092331,0.0985498613988689,0.25583207607269287,0.05850039128500178,0.04788923263549805,0.14623688161373138,0.19345122575759888,0.2117922186851502,4096
small_matrix_BINARY_g128,,small_matrix,4096,1,<class 'numpy.float32'>,BINARY,1,128,<class 'numpy.float16'>,16384,576,1.125,28.444444444444443,0.48429512044479495,0.23454176368663845,0.48429512044479495,2.9145262241363525,0.6049855161208443,1.021082978695631,1.348916965071112,0.8063749992288649,3.176374942995608,576,576,0,64,0,0,0,42,,7.87973403930664e-05,0.43793928623199463,0.48429512044479495,2.9145262241363525,0.3601864019470039,0.219833642244339,0.6616329289972782,1.1529981195926666,1.8107538580894478,4096
small_matrix_TERNARY_g128,,small_matrix,4096,1,<class 'numpy.float32'>,TERNARY,1.584,128,<class 'numpy.float16'>,16384,1088,2.125,15.058823529411764,0.45831941977646196,0.21005669054423276,0.45831941977646196,2.8852293491363525,0.583640010333972,2.023832988925278,1.5399589901790023,0.6484999903477728,4.212291969452053,876,1088,0,64,0,0,0,42,,8.439309021923691e-05,0.4113650918006897,0.45831941977646196,2.8852293491363525,0.3591204955836462,0.1892612874507904,0.6353807523846626,1.1202322244644165,1.7721878647804268,4096
medium_matrix_FP32_g0,,medium_matrix,65536,1,<class 'numpy.float32'>,FP32,32,1,<class 'numpy.float32'>,262144,262144,32.0,1.0,0.0,0.0,0.0,0.0,0.0,0.0320419785566628,0.03549997927621007,3.8032910088077188,3.8708329666405916,524288,262144,0,0,0,0,0,42,,0.0,0.0,0.0,0.0,0.0,0.0,0.0,0.0,0.0,65536
medium_matrix_FP16_g0,,medium_matrix,65536,1,<class 'numpy.float32'>,FP16,16,1,<class 'numpy.float16'>,262144,131072,16.0,2.0,0.0001408027249527044,1.982540735410693e-08,0.0001408027249527044,0.0019207000732421875,0.0002080851556207291,0.020000035874545574,0.03466597991064191,6.019458000082523,6.07412401586771,262144,131072,0,0,0,0,0,42,,0.0,8.988380432128906e-05,0.0001408027249527044,0.0019207000732421875,0.00015401549128116416,3.039836883544922e-05,0.00020062923431396484,0.00044274330139160156,0.0007658600807189959,65536
medium_matrix_INT8_g128,,medium_matrix,65536,1,<class 'numpy.float32'>,INT8,8,128,<class 'numpy.float16'>,262144,66560,8.125,3.9384615384615387,0.0055492941616122615,3.0794665692103936e-05,0.0055492941616122615,0.019529104232788086,0.0064757515950767085,6.458541029132903,0.9933749679476023,6.006416049785912,13.458332046866417,66560,66560,0,1024,0,0,0,42,,0.0,0.0054375529289245605,0.0055492941616122615,0.019529104232788086,0.0033733761449987933,0.002682223916053772,0.008194610476493835,0.011073723435401917,0.013010485470294953,65536
medium_matrix_INT4_g128,,medium_matrix,65536,1,<class 'numpy.float32'>,INT4,4,128,<class 'numpy.float16'>,262144,33792,4.125,7.757575757575758,0.10034966188892863,0.010070054641222296,0.10034966188892863,0.3574252128601074,0.11738072723232712,279.4420829741284,20.51237499108538,5.000959034077823,304.95541699929163,33792,33792,0,1024,0,0,0,42,,2.384185791015625e-07,0.09774331748485565,0.10034966188892863,0.3574252128601074,0.06153614695392363,0.04803026467561722,0.1487800069153309,0.20141983404755592,0.23654244989156722,65536
medium_matrix_BINARY_g128,,medium_matrix,65536,1,<class 'numpy.float32'>,BINARY,1,128,<class 'numpy.float16'>,262144,9216,1.125,28.444444444444443,0.4837408149580668,0.23400517605629464,0.4837408149580668,4.160555362701416,0.6028808940257591,16.078291984740645,18.925833981484175,5.759499967098236,40.763625933323056,9216,9216,0,1024,0,0,0,42,,9.059906005859375e-06,0.43588975071907043,0.4837408149580668,4.160555362701416,0.3626726438659025,0.21740229427814484,0.6628272049129009,1.159761518239975,1.78148126602173,65536
medium_matrix_TERNARY_g128,,medium_matrix,65536,1,<class 'numpy.float32'>,TERNARY,1.584,128,<class 'numpy.float16'>,262144,17408,2.125,15.058823529411764,0.456784780314949,0.20865233552737622,0.456784780314949,4.106356143951416,0.580907167795995,31.55787498690188,24.554207979235798,5.563125014305115,61.67520798044279,14001,17408,0,1024,0,0,0,42,,1.633167266845703e-05,0.40971045196056366,0.456784780314949,4.106356143951416,0.3615574899871856,0.18602080643177032,0.640162568539381,1.1262681782245636,1.7470939874649054,65536
large_matrix_FP32_g0,,large_matrix,1048576,1,<class 'numpy.float32'>,FP32,32,1,<class 'numpy.float32'>,4194304,4194304,32.0,1.0,0.0,0.0,0.0,0.0,0.0,0.8461669785901904,0.692791014444083,44.86208304297179,46.40104103600606,8388608,4194304,0,0,0,0,0,42,,0.0,0.0,0.0,0.0,0.0,0.0,0.0,0.0,0.0,1048576
large_matrix_FP16_g0,,large_matrix,1048576,1,<class 'numpy.float32'>,FP16,16,1,<class 'numpy.float16'>,4194304,2097152,16.0,2.0,0.00014065230656687888,1.9783071342583278e-08,0.00014065230656687888,0.0019207000732421875,0.000207806286995807,0.2733750152401626,0.40020898450165987,98.92170800594613,99.59529200568795,4194304,2097152,0,0,0,0,0,42,,0.0,9.050965309143066e-05,0.00014065230656687888,0.0019207000732421875,0.00015306177180496287,3.045797348022461e-05,0.00020068883895874023,0.0004430115222930908,0.0007622241973876953,1048576
large_matrix_INT8_g128,,large_matrix,1048576,1,<class 'numpy.float32'>,INT8,8,128,<class 'numpy.float16'>,4194304,1064960,8.125,3.9384615384615387,0.0055388376355363245,3.067872235283362e-05,0.0055388376355363245,0.019529104232788086,0.006476056290204098,98.63541700178757,15.682708006352186,92.69387501990423,207.01200002804399,1064960,1064960,0,16384,0,0,0,42,,0.0,0.0054320283234119415,0.0055388376355363245,0.019529104232788086,0.003359659824679049,0.0026800334453582764,0.00819253921508789,0.011018937453627586,0.012876313179731369,1048576
large_matrix_INT4_g128,,large_matrix,1048576,1,<class 'numpy.float32'>,INT4,4,128,<class 'numpy.float16'>,4194304,540672,4.125,7.757575757575758,0.1003740310374759,0.010074946106712175,0.1003740310374759,0.3574252128601074,0.11745907403938366,4627.029790950473,325.7851660018787,98.5194580280222,5051.334414980374,540672,540672,0,16384,0,0,0,42,,0.0,0.09844710677862167,0.1003740310374759,0.3574252128601074,0.061077669511001076,0.04845230281352997,0.1486380361020565,0.19993390887975693,0.23354516178369522,1048576
large_matrix_BINARY_g128,,large_matrix,1048576,1,<class 'numpy.float32'>,BINARY,1,128,<class 'numpy.float16'>,4194304,147456,1.125,28.444444444444443,0.4808813062663113,0.2312468307163939,0.4808813062663113,4.160555362701416,0.6009535771448834,256.30891701439396,300.6668330053799,92.93441695626825,649.9101669760421,147456,147456,0,16384,0,0,0,42,,4.76837158203125e-07,0.432629331946373,0.4808813062663113,4.160555362701416,0.36073336291562563,0.21463526785373688,0.6598265459761024,1.155899465084076,1.7728919982910156,1048576
large_matrix_TERNARY_g128,,large_matrix,1048576,1,<class 'numpy.float32'>,TERNARY,1.584,128,<class 'numpy.float16'>,4194304,278528,2.125,15.058823529411764,0.45508238225983244,0.20709997464328425,0.45508238225983244,4.118179798126221,0.5798996563533125,502.329750044737,385.564542026259,88.30304100411013,976.1973330751061,224003,278528,0,16384,0,0,0,42,,1.8737638640686782e-07,0.4073604345321655,0.45508238225983244,4.118179798126221,0.35971930499231036,0.18479374051094055,0.6378405392169952,1.123560905456543,1.740303099155426,1048576
fp16_vector_FP32_g0,,fp16_vector,1024,1,<class 'numpy.float16'>,FP32,32,1,<class 'numpy.float32'>,2048,4096,32.0,0.5,0.0,0.0,0.0,0.0,0.0,0.003167020622640848,0.0018329592421650887,0.31404104083776474,0.3190410207025707,8192,4096,0,0,0,0,0,42,,0.0,0.0,0.0,0.0,0.0,0.0,0.0,0.0,0.0,1024
fp16_vector_FP16_g0,,fp16_vector,1024,1,<class 'numpy.float16'>,FP16,16,1,<class 'numpy.float16'>,2048,2048,16.0,1.0,0.0,0.0,0.0,0.0,0.0,0.001333013642579317,0.0010409858077764511,0.2188329817727208,0.22120698122307658,4096,2048,0,0,0,0,0,42,,0.0,0.0,0.0,0.0,0.0,0.0,0.0,0.0,0.0,1024
fp16_vector_INT8_g128,,fp16_vector,1024,1,<class 'numpy.float16'>,INT8,8,128,<class 'numpy.float16'>,2048,1040,8.125,1.9692307692307693,0.005542367231100798,3.071783452437992e-05,0.005542367231100798,0.0142364501953125,0.006618754256047218,0.17970899352803826,0.032374984584748745,0.26179198175668716,0.4738759598694742,1040,1040,0,16,0,0,0,42,,0.0,0.00543212890625,0.005542367231100798,0.0142364501953125,0.0034173657257040206,0.002532958984375,0.0080718994140625,0.0111846923828125,0.013112030029296874,1024
fp16_vector_INT4_g128,,fp16_vector,1024,1,<class 'numpy.float16'>,INT4,4,128,<class 'numpy.float16'>,2048,528,4.125,3.878787878787879,0.09957505716010928,0.00991519200843903,0.09957505716010928,0.255859375,0.1183222815088401,4.392208997160196,0.3376249806024134,0.25400001322850585,4.983833990991116,528,528,0,16,0,0,0,42,,0.0,0.095458984375,0.09957505716010928,0.255859375,0.06028119971336882,0.049896240234375,0.1485595703125,0.20113525390624998,0.23062011718749997,1024
fp16_vector_BINARY_g128,,fp16_vector,1024,1,<class 'numpy.float16'>,BINARY,1,128,<class 'numpy.float16'>,2048,144,1.125,14.222222222222221,0.4832303379662335,0.23351155953096026,0.4832303379662335,2.91455078125,0.6097324882499808,0.5544589948840439,0.2869160380214453,0.26233296375721693,1.1037079966627061,144,144,0,16,0,0,0,42,,0.0,0.43896484375,0.4832303379662335,2.91455078125,0.3553617196382609,0.2301025390625,0.655364990234375,1.1473876953125,1.7401708984374997,1024
fp16_vector_TERNARY_g128,,fp16_vector,1024,1,<class 'numpy.float16'>,TERNARY,1.584,128,<class 'numpy.float16'>,2048,272,2.125,7.529411764705882,0.4606832410208881,0.21222904855750968,0.4606832410208881,2.8857421875,0.5919390738440911,0.5335000460036099,0.3717920044437051,0.26341702323406935,1.1687090736813843,219,272,0,16,0,0,0,42,,8.440017700195312e-05,0.42626953125,0.4606832410208881,2.8857421875,0.3561904550782729,0.20501708984375,0.63726806640625,1.1185791015625,1.6924511718749993,1024
fp16_matrix_FP32_g0,,fp16_matrix,65536,1,<class 'numpy.float16'>,FP32,32,1,<class 'numpy.float32'>,131072,262144,32.0,0.5,0.0,0.0,0.0,0.0,0.0,0.008167000487446785,0.030124967452138662,1.8443750450387597,1.8826670129783452,524288,262144,0,0,0,0,0,42,,0.0,0.0,0.0,0.0,0.0,0.0,0.0,0.0,0.0,65536
fp16_matrix_FP16_g0,,fp16_matrix,65536,1,<class 'numpy.float16'>,FP16,16,1,<class 'numpy.float16'>,131072,131072,16.0,1.0,0.0,0.0,0.0,0.0,0.0,0.00562501372769475,0.006416987162083387,1.9017080194316804,1.9137500203214586,262144,131072,0,0,0,0,0,42,,0.0,0.0,0.0,0.0,0.0,0.0,0.0,0.0,0.0,65536
fp16_matrix_INT8_g128,,fp16_matrix,65536,1,<class 'numpy.float16'>,INT8,8,128,<class 'numpy.float16'>,131072,66560,8.125,1.9692307692307693,0.005547732467675814,3.077733553290438e-05,0.005547732467675814,0.01953125,0.006473996700723596,6.206332996953279,0.9655830217525363,5.744708003476262,12.916624022182077,66560,66560,0,1024,0,0,0,42,,0.0,0.00543212890625,0.005547732467675814,0.01953125,0.0033725562878055464,0.002685546875,0.0081939697265625,0.0110626220703125,0.012995147705078147,65536
fp16_matrix_INT4_g128,,fp16_matrix,65536,1,<class 'numpy.float16'>,INT4,4,128,<class 'numpy.float16'>,131072,33792,4.125,3.878787878787879,0.10034884617562057,0.010069890928778358,0.10034884617562057,0.357421875,0.11738050172474564,284.4421670306474,20.301417040172964,5.971458042040467,310.71504211286083,33792,33792,0,1024,0,0,0,42,,0.0,0.09765625,0.10034884617562057,0.357421875,0.061537028748820256,0.047882080078125,0.14892578125,0.201416015625,0.236572265625,65536
fp16_matrix_BINARY_g128,,fp16_matrix,65536,1,<class 'numpy.float16'>,BINARY,1,128,<class 'numpy.float16'>,131072,9216,1.125,14.222222222222221,0.4837405522084737,0.23400492185095903,0.4837405522084737,4.1611328125,0.6028805619152956,16.703833010978997,18.662374990526587,5.8220839709974825,41.188291972503066,9216,9216,0,1024,0,0,0,42,,0.0,0.435791015625,0.4837405522084737,4.1611328125,0.36267236836690575,0.21728515625,0.662750244140625,1.16015625,1.7820556640625007,65536
fp16_matrix_TERNARY_g128,,fp16_matrix,65536,1,<class 'numpy.float16'>,TERNARY,1.584,128,<class 'numpy.float16'>,131072,17408,2.125,7.529411764705882,0.45678535395200015,0.20865285958505406,0.45678535395200015,4.10693359375,0.580906797695365,32.410957966931164,24.10933398641646,5.418334039859474,61.9386259932071,14001,17408,0,1024,0,0,0,42,,0.0,0.40966796875,0.45678535395200015,4.10693359375,0.3615561013627492,0.18603515625,0.64013671875,1.1259765625,1.7468994140625007,65536
